Average Demand,Std Dev Demand,Safety Stock,Reorder Point
69.83421530963922,11.282756395650377,49.25475641825372,538.0942635857283
